number,time,count
0,22464.095000,13
1,104185.609000,38
2,32661.311000,10
3,26788.143000,20
4,374.580000,2
