number,time,count
0,358.872000,9
1,608.319000,16
2,604.505000,24
3,508.005000,21
4,580.249000,22
5,507.358000,15
6,370.578000,16
7,583.624000,22
8,512.120000,20
9,831.932000,22
10,0.000000,0
11,0.000000,0
12,0.000000,0
13,0.000000,0
14,0.000000,0
