number,time,count
0,1608.429000,31
1,1036.564000,18
2,3378.574000,50
3,3102.867000,50
4,2065.569000,21
5,3399.525000,39
6,1643.561000,30
7,330.745000,7
8,592.026000,10
9,4671.648000,50
