number,Iteration,beta,q,rho
-1,-1,0.500000,0.020000,0.080000,0.000000
0,0,0.671156,0.014781,0.105276,0.000000
